{
  "openapi": "3.0.1",
  "info": {
    "title": "My API",
    "version": "v1"
  },
  "paths": {
    "/OptimalRepo": {
      "post": {
        "tags": [
          "OptimalRepo"
        ],
        "requestBody": {
          "content": {
            "application/json": {
              "schema": {
                "$ref": "#/components/schemas/RunOvernightDistributionParameters"
              }
            },
            "text/json": {
              "schema": {
                "$ref": "#/components/schemas/RunOvernightDistributionParameters"
              }
            },
            "application/*+json": {
              "schema": {
                "$ref": "#/components/schemas/RunOvernightDistributionParameters"
              }
            }
          }
        },
        "responses": {
          "200": {
            "description": "Success",
            "content": {
              "text/plain": {
                "schema": {
                  "type": "integer",
                  "format": "int64"
                }
              },
              "application/json": {
                "schema": {
                  "type": "integer",
                  "format": "int64"
                }
              },
              "text/json": {
                "schema": {
                  "type": "integer",
                  "format": "int64"
                }
              }
            }
          }
        }
      }
    },
    "/OptimalRepo/Test": {
      "post": {
        "tags": [
          "OptimalRepo"
        ],
        "requestBody": {
          "content": {
            "application/json": {
              "schema": {
                "$ref": "#/components/schemas/Test"
              }
            },
            "text/json": {
              "schema": {
                "$ref": "#/components/schemas/Test"
              }
            },
            "application/*+json": {
              "schema": {
                "$ref": "#/components/schemas/Test"
              }
            }
          }
        },
        "responses": {
          "200": {
            "description": "Success",
            "content": {
              "text/plain": {
                "schema": {
                  "$ref": "#/components/schemas/Test"
                }
              },
              "application/json": {
                "schema": {
                  "$ref": "#/components/schemas/Test"
                }
              },
              "text/json": {
                "schema": {
                  "$ref": "#/components/schemas/Test"
                }
              }
            }
          }
        }
      }
    }
  },
  "components": {
    "schemas": {
      "RunOvernightDistributionParameters": {
        "type": "object",
        "properties": {
          "date": {
            "type": "string",
            "format": "date-time"
          },
          "clientCode": {
            "type": "string",
            "nullable": true
          }
        },
        "additionalProperties": false
      },
      "Test": {
        "type": "object",
        "additionalProperties": false
      }
    }
  }
}